Date,0,1,2,3,4,5,6,7,8,9,10,11,12,13,14,15,16,17,18,19,20,21,22,23
2019-01-01,,,,,,,,,,,3.51554,3.45152,3.02768,8.36806,11.02968,10.95409,12.3612,9.38039,6.7866,3.73263,4.20168,6.0024,6.0024,3.80152
2019-01-02,,,,,,1.06072,7.34284,8.073,10.75761,20.7757,16.75676,8.69116,5.4848,6.49981,10.23954,12.408,12.408,9.48714,5.9202,2.81788,6.2343,1.643,,
2019-01-03,,,,,,0.06969,1.3938,6.35407,7.96855,11.95356,21.49379,24.37158,33.06133,24.05072,14.02036,14.26897,10.23278,8.03844,6.86675,13.79666,8.51358,4.92492,,
2019-01-04,,,,,,0.8983,5.0061,6.79905,7.98048,9.26498,14.79712,14.1755,5.022,15.61674,14.595,17.44139,21.90835,18.63963,15.94409,3.44714,,5.149,5.86986,
2019-01-05,6.609,0.55075,,,,,,6.13928,,11.43851,11.8138,6.58421,11.94723,11.82453,4.93845,12.97806,7.81084,7.75665,7.96596,8.37716,6.609,6.609,6.609,6.609
2019-01-06,,,,,,,,,3.7876,8.50626,13.21236,30.80199,30.8765,15.74286,19.94507,17.02572,8.76958,11.98021,11.93567,3.67351,,,,
2019-01-07,,,,,,0.15702,,3.9028,12.18499,22.34169,15.56439,18.91615,26.33464,34.64251,29.72375,18.30667,6.97057,5.8554,18.41288,21.16569,10.72363,5.27914,,
2019-01-08,,,,,,1.52511,3.1554,4.89888,9.28608,17.29072,2.7566,6.45588,8.5248,9.80615,11.42266,16.55836,6.78825,9.45587,16.32727,25.41648,19.60716,11.41395,,
2019-01-09,5.2416,0.52416,,2.00362,3.5358,3.73876,11.51571,17.3464,17.20737,22.18146,10.99045,23.8763,26.73381,18.5821,16.01074,21.79164,19.24928,12.61071,29.90338,20.8004,15.79117,9.97075,9.0828,6.522
2019-01-10,,,,,4.99273,7.07185,9.18265,8.65162,13.79172,22.51902,10.18301,8.53409,17.71565,21.48201,17.7894,14.87636,10.49857,10.33791,15.74376,19.35283,13.4277,5.9621,,
2019-01-11,,,,,,0.18402,3.6804,3.6804,11.82181,23.98315,21.18633,22.58443,19.04943,8.3107,8.83485,4.04248,12.16342,27.54915,12.90732,11.76927,9.64964,8.16207,3.2832,0.16416
2019-01-12,,,,,,,,,0.05843,9.2992,9.7968,7.59495,6.51405,3.14006,2.604,5.0344,5.5519,11.63372,26.16227,18.48192,14.11959,13.53656,2.23809,
2019-01-13,,,,,,,,,3.74796,3.8772,11.36147,25.31103,28.49048,18.19432,9.45411,9.53129,12.99747,9.50018,21.01633,13.04856,7.25451,2.35737,,
2019-01-14,4.4952,4.4952,2.02284,,,2.16206,3.91577,12.4986,13.84338,30.13023,33.57607,36.32461,17.90147,10.54678,17.8139,3.4129,9.26364,7.6971,12.18742,17.55676,21.55985,9.15391,2.47236,4.4952
2019-01-15,0.3317,,,,,1.8081,3.6162,12.6329,13.05095,12.94116,17.29562,27.30434,19.76572,10.68116,23.07017,30.0363,18.86022,17.10072,30.18399,16.21007,13.29522,3.92226,3.9804,3.9804
2019-01-16,2.7804,,,,,0.3398,8.91978,10.26669,18.02155,30.80936,19.91209,20.5936,21.18983,13.06591,15.49262,17.37176,13.68734,32.49889,22.34603,16.86012,12.40111,10.81652,7.5918,7.22982
2019-01-17,7.1728,5.1012,3.48582,,,0.2094,4.188,4.28197,9.8262,7.104,14.36874,17.50197,26.00238,14.70758,14.30922,9.8392,6.52012,10.52769,17.07162,19.18261,15.58762,16.94308,11.316,11.316
2019-01-18,0.53829,2.828,,,,,,,1.46582,9.36926,8.36892,8.08794,8.59463,23.07926,37.70385,16.40357,20.58744,23.76548,23.5937,21.9066,8.51394,3.5886,3.5886,3.5886
2019-01-19,2.60275,4.68418,2.26204,2.36486,,,,3.802,8.94352,11.45622,3.3604,2.89323,6.81286,9.73529,20.42084,18.33909,3.28274,6.24032,19.62692,20.62784,15.3036,18.4242,6.06288,0.20822
2019-01-20,,,1.10902,,,,,,5.63782,11.0992,15.09177,25.03039,23.80044,16.25045,16.94443,15.8,3.1752,2.87448,7.1028,6.98442,,,,
2019-01-21,,,,,,2.03725,4.215,4.215,5.31269,10.13215,3.7759,2.81422,5.98155,13.11654,9.7028,3.8407,1.38391,5.91232,9.81748,8.3611,16.73318,11.73691,0.32088,
2019-01-22,2.99947,,,,,0.90984,2.2746,3.79537,12.62802,18.97609,17.52202,20.83709,15.04963,12.13027,9.57623,14.26036,20.04061,8.35015,13.0339,2.89726,0.328,1.79892,,4.44749
2019-01-23,,,,,,0.18378,7.68802,5.07873,17.7116,18.51732,14.37572,20.57591,22.57347,26.11566,28.9799,23.03234,19.56027,15.18573,21.39111,11.95558,6.61923,8.29334,0.397,
2019-01-24,,,,,,,6.39901,11.50406,20.60099,31.33439,33.516,29.07178,19.93346,11.12542,12.5712,12.88773,15.09738,18.92573,5.30444,1.62118,,4.60416,2.30208,
2019-01-25,1.46958,2.98787,,,,0.07008,2.30058,8.0478,28.78081,45.68887,30.49874,20.00892,26.1007,22.32803,22.75982,18.25425,18.81076,27.44543,38.36755,43.13348,33.38058,7.08857,4.3104,2.98345
2019-01-26,0.702,,,,,,,,0.79755,11.38482,4.72045,17.56568,30.73768,15.98893,15.85321,22.48117,18.08086,29.51364,31.792,20.08465,18.39096,13.52037,9.19211,
2019-01-27,,,,,,,,,3.4885,10.22467,21.40772,27.32762,16.24111,6.32808,16.175,22.18089,5.13905,10.25886,8.58701,0.61932,,,,
2019-01-28,,,,,,2.263,4.38,4.38,14.65914,21.29617,31.26714,23.51896,12.22829,12.1284,12.1284,19.00191,26.028,21.21083,13.33881,14.37827,13.21609,6.1482,6.1482,3.99633
2019-01-29,,,,,,1.36865,9.07392,23.16059,23.03648,21.49931,13.37597,16.32896,17.30231,30.6592,32.02198,30.73773,20.85287,23.07686,26.64057,12.93999,16.22071,5.55288,2.43708,
2019-01-30,,,,,,0.1093,13.52082,25.59671,47.39603,41.31526,25.24382,30.74888,26.18321,32.17579,24.28948,22.42201,18.10943,17.73805,9.01665,10.24597,7.56491,3.02188,,3.40296
2019-01-31,5.2071,,,,,0.22465,5.86028,12.06256,21.4784,38.91352,43.79379,38.60167,32.82076,29.23896,22.76496,26.33158,29.2038,23.30782,26.03399,18.21136,12.12297,4.33974,,2.6546
2019-02-01,1.10991,,,,,0.19341,10.67796,9.95097,26.02892,28.2231,20.45832,13.46721,17.47758,25.96764,25.35525,25.0033,23.84649,18.5286,20.18226,22.15177,16.14705,13.81837,5.38276,6.7266
2019-02-02,9.42045,6.8317,5.5205,,,,,,1.99716,8.07076,10.34808,13.60497,8.06169,17.12068,11.91872,11.72612,18.7424,25.86601,27.34498,36.32477,27.23944,6.6246,6.6246,6.6246
2019-02-03,8.83377,6.62277,5.53569,,,,,,3.14531,3.8514,9.33164,13.07181,6.55838,0.66066,5.54603,4.61726,12.88064,8.1578,6.0708,2.59403,5.319,8.61858,9.6228,9.6228
2019-02-04,,,,,,1.44628,5.51384,9.93314,11.67045,8.49221,4.95232,24.40635,22.01342,16.05084,14.00539,23.82167,30.48929,18.38783,4.8065,11.59408,17.67736,8.1473,3.81696,
2019-02-05,3.03108,,,,,,3.77558,10.306,26.18658,34.63,34.92151,32.97568,12.70458,9.31669,21.66645,17.68928,11.79825,5.41278,10.21548,16.25174,14.36729,10.48712,4.4172,3.2424
2019-02-06,,,,,,0.1682,3.24533,7.26974,1.0789,5.9482,12.11944,15.03166,18.27588,20.44075,8.13129,0.27435,,5.56449,13.18436,25.42042,20.76807,4.36081,,
2019-02-07,6.88595,4.45822,6.0016,0.35808,,0.10115,2.91395,3.9708,6.64059,21.9554,23.72685,33.65307,30.95506,18.31441,14.46995,14.0304,12.2262,11.07884,37.67512,32.74079,25.05712,12.90479,11.22569,11.859
2019-02-08,0.7824,2.19681,0.73227,,,0.22782,2.2782,2.87358,21.48583,38.14403,36.44916,25.16656,32.81316,25.73367,8.45127,17.55285,21.56247,19.11518,26.02113,21.16768,9.40979,3.1296,3.1296,3.1296
2019-02-09,3.64896,3.36402,,,,,,,0.25593,9.38113,4.2395,7.9485,12.37464,25.49287,17.66929,13.38281,15.2736,18.95425,22.3699,26.33883,14.30938,7.7514,6.0234,9.0579
2019-02-10,,0.278,,,,,,,0.76279,11.4258,10.86405,18.99335,16.20887,16.09931,14.80482,18.55077,10.70119,20.01804,35.14061,22.41469,10.999,12.36955,11.6718,5.05029
2019-02-11,2.49485,3.651,3.651,3.651,3.651,4.32214,5.81709,7.31646,10.58693,21.9312,21.9312,20.98012,17.0607,19.32647,16.70573,13.55522,19.48621,9.77241,15.05511,22.10048,11.19933,,,
2019-02-12,3.6786,3.6786,1.28751,,,0.91109,1.7634,7.83486,23.56589,29.78778,20.81038,16.93966,13.30564,20.71731,18.44472,12.78025,24.24508,23.02248,21.98499,27.60925,11.80676,2.80719,,0.49048
2019-02-13,2.90285,,,,,0.37956,4.85193,10.5899,26.48408,33.2314,28.01371,27.02128,25.47041,14.40859,12.6663,10.74911,20.39844,11.8543,12.27233,15.58749,7.63919,4.30123,4.2162,6.46152
2019-02-14,4.4778,4.4778,2.53742,,,0.14504,3.93561,9.01151,8.54209,31.5186,30.81461,24.006,17.86787,23.69382,22.1379,32.41073,17.89488,15.24667,15.57331,7.23824,5.93531,6.6063,9.11997,10.37673
2019-02-15,8.37141,3.09185,2.5842,2.5842,2.5842,3.6768,10.79713,10.64304,18.65849,24.72318,27.45348,22.37107,20.03846,19.29615,18.22544,23.41071,21.20303,21.48508,34.56393,37.52405,36.02123,23.40352,12.48514,4.02214
2019-02-16,,2.30391,,,,,,5.35227,6.5538,9.4126,9.47083,0.22998,12.60805,3.84146,11.6638,24.65833,20.35809,12.18075,19.30918,8.52784,13.5906,11.4948,0.51486,
2019-02-17,,,,,,,,,5.3341,11.78348,18.04908,18.05073,13.38756,13.67874,13.01958,7.8506,0.77816,2.07461,9.123,2.77897,,,,
2019-02-18,6.80832,6.486,6.486,6.486,3.4592,1.82952,3.9204,3.9204,6.52716,13.50945,12.34272,23.35662,15.19426,,2.88805,4.36025,6.1548,1.43612,7.57173,17.94364,18.74859,11.1284,9.7092,9.7092
2019-02-19,,,,,,,,3.43429,23.12986,42.2731,35.4531,28.11244,21.81023,37.42568,22.15274,16.44615,16.28915,10.23207,20.53567,20.09936,13.83488,6.0966,6.0966,5.79177
2019-02-20,,,,,,0.23639,9.2073,18.66508,27.73978,25.25266,30.19945,30.52451,26.73497,18.91932,5.0023,10.04736,19.66649,19.92551,11.51686,20.85286,18.3052,9.758,8.949,3.01476
2019-02-21,2.2366,,,,,,4.36724,14.89538,20.46088,9.52123,10.66656,15.62202,18.78309,21.67971,23.33713,22.48664,24.15251,11.66897,25.09968,22.1194,17.08062,7.6976,4.0968,4.0968
2019-02-22,6.64125,4.5213,2.3004,1.76364,,,3.17661,5.88089,21.02411,19.24383,20.05104,21.27297,18.93046,11.2729,11.90357,11.3979,7.0512,7.43249,11.87418,19.16562,9.45116,2.54185,2.3004,2.3004
2019-02-23,12.8337,7.85548,4.89027,3.93328,,,,,,1.0539,6.9089,2.30448,5.53452,4.28002,16.98412,13.46257,9.59275,8.16143,12.00848,18.23682,19.52304,9.9648,4.93396,7.34823
2019-02-24,,,,,,,,,,,1.24865,8.40154,17.03404,12.2588,13.79735,9.04736,20.73413,19.75629,10.95227,8.50865,4.96269,4.9062,4.9062,2.20779
2019-02-25,3.891,3.891,3.891,3.891,3.04795,1.72205,3.333,3.333,11.14601,19.73466,11.5536,11.5536,19.75508,24.93117,19.3351,16.81773,17.54088,2.555,9.71631,21.18391,12.36982,2.0978,,1.1673
2019-02-26,,,,,,,0.56478,5.6478,15.42389,17.74672,18.74674,19.5144,17.6142,23.18582,21.32386,3.43631,8.5068,18.63278,34.67433,18.63952,15.34595,7.11086,0.60102,
2019-02-27,4.2828,4.2828,3.28348,,,0.13486,4.0458,4.0458,8.50828,18.65463,21.27291,33.11867,31.6414,23.02451,22.0276,14.30406,13.8321,6.36875,16.25502,11.226,6.65113,5.786,2.4983,4.2828
2019-02-28,9.21388,9.70807,4.242,1.1312,,,1.5246,6.15124,19.77368,16.63753,12.65915,18.6771,15.9755,17.05809,20.67397,24.99101,26.10064,13.33239,7.7237,9.16173,7.11359,2.99216,4.5636,6.8967
2019-03-01,,1.77293,1.84302,,,1.55589,9.04561,14.91696,18.99118,24.13965,19.20463,14.01168,21.29937,17.97646,15.24144,19.71091,17.09964,18.44556,14.02478,6.96658,0.48736,,,
2019-03-02,,2.93103,1.57305,,,,,,,5.79333,8.77236,11.32459,15.78802,25.89214,27.25188,21.71199,15.08399,3.4358,5.59652,6.58418,3.5562,0.17781,,1.19004
2019-03-03,10.80545,6.1134,1.73213,,,,,,,5.08693,14.66038,15.03636,10.03146,10.44999,10.27478,12.7679,11.21146,7.3686,5.7417,9.62673,13.22776,16.1112,14.9655,8.173
2019-03-04,3.8712,1.87108,,,,,,0.19348,9.39875,17.733,22.44578,30.4104,37.73663,32.68789,35.12648,23.54803,25.96523,24.34446,6.9864,,,2.9034,3.8712,3.8712
2019-03-05,4.0674,4.0674,1.49138,,,1.3338,7.29579,14.80139,21.00772,31.13063,26.5544,24.22573,27.29783,25.90013,22.42045,10.35968,4.09922,8.37542,12.25705,20.39754,16.72297,16.9859,11.64593,4.89594
2019-03-06,,,,,,,,5.45238,4.75175,11.14174,18.3794,19.1074,3.90088,2.76591,10.73436,11.4819,25.66331,16.05625,17.69053,9.87,6.85833,8.355,2.12761,
2019-03-07,2.2368,4.0998,2.2368,1.56576,,0.04039,2.4234,6.50659,5.67839,3.20645,14.45901,22.80667,26.31699,15.42222,13.29652,10.77058,2.78434,10.20695,26.42315,23.4946,23.48395,7.44794,2.2368,2.2368
2019-03-08,4.16724,0.60984,,2.61794,,0.17919,9.33856,13.17841,17.70078,23.19349,25.66542,12.22437,6.1164,8.54517,14.16939,11.45196,6.966,10.30216,18.24451,15.92438,11.58258,5.9502,0.09917,
2019-03-09,,3.224,,,,,,,4.4968,12.52505,11.06395,14.70732,24.81702,26.62668,11.87014,5.62392,11.09161,4.50337,13.39707,18.47016,18.9594,11.98507,,
2019-03-10,,,,,,,0.20908,6.2724,9.58384,6.67465,11.74159,12.12084,16.33615,17.46877,11.03148,10.0969,6.25518,2.04456,12.95317,15.3906,12.12788,5.0544,0.8424,
2019-03-11,2.96322,,,,,,,,4.41518,9.14562,18.39219,19.036,11.20415,4.74171,1.50909,0.58773,6.69739,15.26854,23.422,25.81527,11.86856,5.40282,4.5588,4.5588
2019-03-12,3.7794,0.37794,,,,1.78622,3.4572,4.88226,6.47826,11.35198,13.31069,14.37124,15.99439,5.5818,1.309,,11.2751,17.63558,11.62965,7.83786,6.9492,6.9492,5.10015,3.7794
2019-03-13,,,,,,0.37216,2.7912,1.58168,,,,,1.84626,4.2606,4.2606,4.2606,3.76353,,,,,0.74998,,3.23707
2019-03-14,,,,,,,,,,1.99234,4.46396,1.98199,9.46188,20.66851,20.44444,16.63028,9.93872,5.59222,9.4802,11.92574,6.1428,1.9932,,
2019-03-15,1.0205,1.0205,,,,0.13542,4.0626,10.52192,9.8172,19.10284,21.57823,10.38511,12.92309,4.11504,9.44589,11.52753,16.49434,21.14423,23.89231,19.86299,8.73674,5.20451,,
2019-03-16,4.3848,4.3848,4.3848,3.80016,,,,7.14442,9.7683,10.34892,3.9498,8.54595,23.03725,26.69002,25.0409,29.69573,20.02291,12.8022,29.02808,25.07805,19.76828,1.24032,,2.85012
2019-03-17,,,,,,,,,4.7283,9.69246,19.09108,21.95595,24.76066,8.13793,1.93217,11.53947,30.84084,25.90553,11.72129,7.21966,0.16887,,,
2019-03-18,6.81101,0.22731,,,,1.96032,4.83858,6.9984,15.60205,25.53332,42.54006,41.24545,28.78351,31.18355,19.27641,14.58714,22.70265,18.67539,5.47935,9.7003,9.79758,10.77809,7.7064,7.7064
2019-03-19,,,,,,3.0759,9.9304,15.58159,16.3004,23.54187,23.00572,18.80231,18.68057,27.93592,29.25191,30.20596,26.19174,22.62825,15.83339,20.0598,10.14486,3.4524,,
2019-03-20,,,,,,,5.49281,12.67245,26.26016,27.87696,34.1182,34.1211,33.79548,35.14449,27.78608,19.65252,18.29222,28.38747,34.63818,25.4952,8.64796,4.04118,,
2019-03-21,,,,,,0.2216,4.24275,11.66708,15.66328,16.95656,15.22356,22.0416,21.18655,19.39175,19.27584,17.31228,9.4143,5.11672,13.57268,22.67436,21.11908,7.32841,3.98852,3.28185
2019-03-22,,,,,,2.28721,9.9964,13.64946,30.83963,45.24042,31.18364,20.98405,21.50764,24.94965,10.91016,22.95911,25.10631,21.33095,20.59168,9.76606,3.57024,6.7848,4.11042,1.27243
2019-03-23,,,,,,,0.31845,1.9107,,,,1.31535,9.22036,11.4186,12.23501,12.55236,3.66552,13.01499,17.00794,12.49112,11.3502,4.85747,,
2019-03-24,,,,,,,,2.09608,14.51785,26.43114,34.59806,34.45589,11.02492,8.14596,13.80663,16.17928,21.38371,12.36652,21.3983,3.39097,,,,
2019-03-25,,,,,,,2.61495,8.59356,16.3712,24.64665,24.91358,22.86693,18.69826,18.28059,14.34782,17.43983,12.3966,14.19996,10.35299,9.7182,9.7182,11.16889,5.8338,5.8338
2019-03-26,,,,,,0.26452,6.05098,11.49252,15.23421,17.8912,12.2507,20.084,25.63492,10.8894,8.72643,13.04874,20.59451,17.48728,13.96497,23.2405,18.55183,1.8414,,
2019-03-27,,,,,,,3.1923,15.3642,8.11359,19.58873,15.10728,5.17209,11.72337,15.45695,10.0164,14.85264,11.2999,10.81366,6.9605,2.48534,4.029,3.55895,,
2019-03-28,0.81312,,,,,,2.48085,3.3078,3.14241,4.8859,7.04561,10.90502,4.6206,4.8793,2.65067,4.85386,1.624,5.3976,8.55608,5.17372,8.8199,5.86221,4.0656,4.0656
2019-03-29,,,,,,0.21399,6.8341,13.06119,12.32768,14.3507,15.3169,19.5604,18.55752,17.33868,3.68852,2.44448,3.3306,10.74493,6.20403,2.442,10.1808,5.4336,2.85864,
2019-03-30,,,,,,,2.30984,6.62534,6.498,5.42785,4.35466,5.88162,12.19248,5.9874,3.91613,18.37261,21.39857,9.75065,9.7674,13.97622,10.63589,1.1109,,
2019-03-31,,,,,,,,,,,4.28157,9.36,12.65248,17.82325,7.4361,10.1221,6.73938,7.8916,13.6764,7.69906,8.1338,4.6338,4.6338,
2019-04-01,,,,,,1.97222,4.3172,15.54586,13.80055,29.5926,31.94528,23.78134,21.28781,11.0002,10.278,10.65008,18.96954,13.99368,16.15268,28.82184,17.79424,9.97208,,
2019-04-02,9.8464,9.4968,2.31354,,,1.9884,6.46177,8.05767,5.60939,19.45446,16.25325,7.4612,10.64272,18.0272,17.55447,23.57068,28.22704,27.01234,28.99575,24.95032,16.3325,14.34405,13.68002,14.7408
2019-04-03,5.4684,5.4684,4.19244,,,,5.68637,10.70865,13.02822,24.56651,28.3554,25.23942,25.35553,9.40723,5.2833,4.75519,15.21365,8.61115,6.84331,15.85074,15.3636,5.66762,5.4684,5.4684
2019-04-04,4.2402,0.14134,,,,0.278,5.08326,9.26349,17.34714,18.27267,18.62494,7.92142,4.7268,1.33926,2.71619,16.51554,16.76031,7.9091,5.86706,14.82245,12.4386,3.46834,3.74551,4.2402
2019-04-05,,,,,,1.43437,6.6526,8.79867,21.95866,27.50614,18.45938,24.5749,17.75972,17.33976,17.53582,8.60365,20.73969,23.49462,18.10938,14.56194,5.55747,,,
2019-04-06,,,,,,,0.21926,6.24891,1.11328,16.45995,15.48691,12.25566,17.2654,14.2263,7.74901,15.92834,11.51604,9.22074,11.74562,11.26019,8.99028,3.46867,1.768,
2019-04-07,4.5738,1.67706,,,,,,,9.51488,7.04377,16.04178,30.15928,20.71007,14.15001,5.3256,3.29149,16.56248,9.98061,2.5735,3.80878,,1.98198,9.99,7.9722
2019-04-08,,,,,,3.42039,12.47245,7.9134,16.38258,33.11248,32.4644,30.06225,28.81421,19.95134,17.40495,15.10575,19.02195,14.50711,2.03554,1.98861,3.0594,1.32574,0.79002,
2019-04-09,4.7832,4.7832,0.3986,,,8.70972,12.4344,11.15074,18.65672,17.45395,9.03709,7.94112,7.86329,9.66136,6.76919,14.8339,13.07817,19.40958,11.99261,16.34192,16.518,8.89328,2.40024,4.7832
2019-04-10,3.1602,3.1602,1.42209,,,1.27752,7.485,7.485,6.88932,9.80581,9.4722,8.98824,11.68731,18.02562,5.64274,5.76168,2.91501,7.55836,3.0024,1.6059,3.30399,6.9228,6.9228,5.22963
2019-04-11,,,,,,,0.82032,3.94084,12.5743,14.1238,7.67037,3.51556,4.99773,14.97411,21.10202,14.58997,10.1058,14.36394,11.22751,7.95947,,,,
2019-04-12,,,,,,,4.38642,10.53566,10.20845,16.6714,22.64978,21.60294,26.99853,20.18667,6.63971,10.28415,5.1102,22.16888,30.17654,21.22057,20.46166,9.00415,3.62496,
2019-04-13,4.3512,4.3512,3.33592,,,,,,10.20032,23.13216,9.84259,14.53979,17.75277,17.9049,7.00117,2.6432,19.46479,28.91312,24.0432,21.00096,10.26915,6.73452,4.48444,4.3512
2019-04-14,,,,,,,,,2.67456,11.05608,19.40752,29.94989,27.50964,23.17439,25.54788,34.00779,32.35253,40.60264,25.23198,9.68304,7.25142,2.0338,6.1014,6.1014
2019-04-15,0.70759,3.2658,3.2658,3.2658,3.2658,3.09248,3.09,2.8214,4.45409,12.1938,12.35958,12.4566,16.30608,19.3505,14.96988,14.68449,23.03792,23.13517,16.61359,9.07907,11.47946,6.00758,3.8604,1.41548
2019-04-16,6.9738,6.9738,6.9738,6.9738,6.9738,3.71936,3.838,16.13479,10.5826,7.48885,16.32339,16.03754,15.44251,12.89608,9.45475,14.01671,8.08793,11.42769,18.54566,16.62284,14.98155,13.8162,11.496,11.34526
2019-04-17,4.9608,4.63008,,,,,2.9174,6.2649,8.68094,24.59926,19.03453,12.90107,26.5146,13.97001,12.52487,19.07048,20.50463,19.64008,14.12516,2.8425,4.61242,2.40648,3.55524,4.9608
2019-04-18,7.2492,6.51408,4.518,4.518,0.9036,,1.5769,7.59392,12.38521,17.74751,15.44927,19.85239,19.15798,20.38117,23.61923,18.56321,8.49628,3.10024,13.07156,17.73788,17.44398,11.38652,5.36483,4.9902
2019-04-19,4.5438,4.5438,4.5438,2.95347,,,1.977,13.75002,17.58858,10.56677,8.87584,15.58476,15.53922,19.53851,11.04,5.99379,4.80903,18.00814,27.79512,24.02362,18.29537,6.50868,4.461,5.60523
2019-04-20,,,,,,,,8.64771,14.20034,9.20508,12.37104,18.63669,14.70186,5.27118,5.58041,16.18374,14.08917,16.6951,15.76355,15.48023,12.37498,1.31664,,
2019-04-21,,,,,,,,,,,8.78781,6.6712,6.45855,8.61052,8.54784,2.7295,2.18162,11.84034,9.98269,11.04637,6.47331,,,
2019-04-22,4.1118,3.4265,,,,0.18375,3.675,1.24596,12.16793,13.10683,6.30792,9.83081,14.55934,16.36407,6.88944,4.84863,16.3455,16.5204,12.12864,12.99159,13.1975,8.89624,2.93552,4.04327
2019-04-23,4.26629,,,,,,0.83148,4.21896,12.18264,9.48358,7.78471,7.5912,14.24784,18.64705,23.21096,19.23203,17.37239,20.05245,27.95728,23.07029,8.44034,6.17468,9.9348,5.83092
2019-04-24,,,,,,1.70986,3.0174,7.54089,13.5059,19.76966,22.15141,15.47256,18.89442,9.72495,4.56228,4.39534,7.99091,3.38856,12.11603,2.98144,,,,
2019-04-25,4.3434,1.01346,,,,,1.92916,9.8016,18.74538,25.79077,24.49754,16.58059,11.05095,13.43079,10.41395,11.72161,2.59111,8.39562,8.93814,10.98136,8.51978,6.2958,6.24204,4.3434
2019-04-26,,,,,,,,,8.63917,24.76715,14.72988,17.37069,18.70186,17.31731,15.91951,24.77629,4.95542,20.4189,36.45672,27.44052,10.61616,17.92624,9.83265,1.778
2019-04-27,4.1808,0.20904,,,,,,2.93388,3.8268,9.33605,21.07918,26.82609,24.49569,25.86933,29.68967,25.82788,9.26943,23.39114,31.17165,22.86978,16.48147,6.34684,6.78603,4.1808
2019-04-28,,5.70912,,,,,,,6.57396,9.492,6.79878,12.05648,16.31755,14.87022,8.60392,16.79541,3.67611,14.63603,10.59731,7.98581,12.00438,0.35528,,
2019-04-29,,,,,,0.52992,2.59287,10.35512,17.85231,18.53153,13.80642,12.02662,13.704,10.26963,11.49455,9.93314,18.82278,14.82298,11.6106,18.23592,13.61759,6.8022,6.8022,3.28773
2019-04-30,2.38752,,,,,,1.40454,1.66464,8.07364,11.81383,12.39198,17.0808,12.66222,14.71302,19.18373,20.8531,17.9784,17.42309,32.25436,17.74843,7.95231,6.5739,3.9792,3.9792
2019-05-01,5.3994,5.3994,1.16987,,,1.44188,7.99103,12.27725,11.57369,13.0897,6.96595,5.70254,10.32826,11.22908,5.69799,3.3138,7.78839,31.46034,21.252,12.3836,13.41453,5.9835,5.3994,5.3994
2019-05-02,4.60554,,,,,,0.26865,5.75216,23.08512,14.8136,25.01722,26.07597,14.26302,11.83769,12.67408,12.45774,12.9066,11.67885,5.22711,4.77216,,1.40508,4.6836,4.6836
2019-05-03,4.563,0.6084,,,,,0.79993,11.02562,23.88001,31.26496,13.48837,15.7822,7.0022,16.51674,10.95447,6.54704,14.2066,17.47438,5.85425,1.3248,0.532,,3.042,4.563
2019-05-04,,,,,,,,3.3561,1.59796,5.87033,8.682,18.43892,19.47022,26.97553,17.93666,14.91725,15.35427,30.36623,34.2398,18.83149,11.34928,5.3832,5.3832,0.8972
2019-05-05,,,,,,,,,5.11604,13.33763,17.04787,15.73954,17.22668,13.92604,10.2195,15.62953,26.52266,20.40529,13.66464,14.75439,11.34338,,1.39058,2.84162
2019-05-06,5.4714,5.4714,4.37712,,,,2.25929,10.91804,19.27919,22.87222,14.83802,10.95376,20.96729,18.17978,8.32136,8.86416,5.7471,9.91797,18.08367,29.8415,30.09498,13.3013,9.92923,5.4714
2019-05-07,2.3589,,,,,,1.41708,4.98949,10.79082,13.84626,25.09059,20.87635,11.40142,14.18411,14.08306,2.36215,8.70542,3.78632,13.91656,12.10275,6.75628,4.7178,4.7178,4.7178
2019-05-08,4.3332,3.68322,,,,1.55992,3.0192,3.0192,10.15966,21.55699,34.04777,35.99887,24.05599,30.70841,20.76204,13.8678,10.16264,6.24245,9.58038,12.02829,13.80934,6.34752,8.45946,5.64971
2019-05-09,3.9452,,,,,,2.04672,2.9952,13.71649,25.08697,26.90484,20.00373,16.10678,16.43985,12.60269,15.54848,9.11692,4.99899,3.59962,9.0138,2.30734,6.0003,6.13232,4.227
2019-05-10,,,,,,1.20505,9.81714,9.55352,11.97117,34.97287,20.69729,12.08254,29.69227,29.81822,44.13196,26.881,9.92393,20.5033,18.29249,11.82713,6.33452,,,
2019-05-11,,,,,,,2.08382,4.0332,4.3467,12.72843,13.94308,8.88914,10.22746,8.07664,12.72924,17.46708,16.90661,21.05871,13.56497,7.0968,5.60868,,,
2019-05-12,,,,,,,,0.37101,2.16924,8.29012,15.90106,15.16433,16.0448,35.38966,28.08352,9.87663,19.61664,17.86703,15.72806,4.30666,0.90661,,,
2019-05-13,,,,,,,,0.1929,14.96198,29.19976,30.07568,34.68031,26.64615,20.02715,16.26594,9.48644,15.3601,6.91861,10.5721,16.29175,12.36244,4.12564,,
2019-05-14,1.49548,,,,,,5.69304,22.11076,21.19673,27.70612,28.7843,20.61093,26.08363,29.10228,26.94603,24.15646,11.90511,11.97649,22.65656,26.95434,26.15769,21.98715,14.81896,3.55295
2019-05-15,5.3232,5.3232,0.97592,,,,2.91144,10.79889,15.57245,32.41654,35.66607,37.78519,36.81443,26.3116,12.86549,7.9351,1.8235,5.39462,21.78272,30.57453,29.694,12.33658,5.3232,5.3232
2019-05-16,,,,,,2.44704,6.1176,5.7898,3.86695,14.30828,23.31063,23.46877,19.619,31.71348,39.70903,25.30901,21.82857,20.58901,26.20723,13.31647,16.25009,7.22263,,
2019-05-17,,,,,,0.5506,11.95701,15.43494,17.77972,20.56607,21.08444,13.3667,22.03829,30.41698,20.72487,14.06808,13.86654,15.56853,27.90957,16.65584,9.05632,,,
2019-05-18,,,,,,,,1.35621,5.2905,10.68118,15.2394,24.06638,26.87746,15.4639,17.87072,8.3166,4.58818,17.43774,19.94137,17.16021,6.51357,3.4452,6.76676,0.81136
2019-05-19,,,,,,,1.91881,4.94851,2.15475,13.87251,22.55357,25.19437,7.36083,9.03183,23.4808,18.58042,10.73288,7.51434,14.42225,11.74703,6.50263,6.3522,1.90566,
2019-05-20,,,,,,1.35567,3.0126,3.0126,10.27746,25.68336,18.44165,15.52268,18.38489,29.23892,29.05118,33.13007,26.06748,15.86287,18.74229,28.46053,20.86202,5.30766,,
2019-05-21,0.8865,,,,,0.98896,8.89569,11.53921,17.321,33.7087,33.60021,29.98006,17.67745,12.90811,21.3475,22.37775,25.48595,19.88694,12.37524,18.95128,15.4925,2.86694,2.1276,2.1276
2019-05-22,4.263,,,,,2.34399,6.1578,6.67951,12.6135,25.66237,19.23552,13.20023,3.29324,5.56249,19.75655,22.67572,27.60894,31.1677,18.80024,7.30028,1.8064,0.9947,4.263,4.263
2019-05-23,8.07347,,,,,,3.22398,12.01567,16.11689,41.03047,41.88056,24.0293,37.01484,30.4687,16.23294,11.40793,18.53477,19.64223,17.67083,20.92804,17.24695,10.9087,11.5422,11.5422
2019-05-24,,,,,,,,3.81292,11.7452,28.09945,28.54619,31.08519,18.31074,17.79473,22.80124,25.00824,17.85146,24.60813,29.43278,10.43354,1.17628,5.0412,0.67216,
2019-05-25,,,,,,,,,,0.30936,20.03373,33.92404,28.97384,26.87173,30.11879,13.28553,13.29306,16.42084,25.25593,20.4383,15.69334,2.45179,,
2019-05-26,,,,,,,,,0.68484,9.60745,13.74889,19.90832,36.37892,38.03089,23.48971,22.27428,23.66734,10.76769,13.70676,10.39452,3.21504,,,
2019-05-27,3.03892,,,,,,1.386,1.188,6.12289,5.45087,0.71862,2.06682,15.74967,19.9341,13.98752,9.3984,7.49218,14.15787,8.0792,8.01783,11.62063,12.97186,5.79972,4.4472
2019-05-28,,,,,,,2.84194,5.04476,11.70043,19.65629,16.77822,23.62223,21.74882,8.89179,12.0707,14.38634,11.89398,7.20443,6.83535,17.72577,2.7425,,,
2019-05-29,,,,,,2.5601,6.1572,6.49072,14.76464,19.46276,14.55594,11.64261,13.62115,15.07325,15.55604,12.52087,13.51748,8.18752,11.21896,13.88719,6.2082,3.1041,,
2019-05-30,4.4736,4.24992,,,,,6.47668,5.97849,8.21511,1.37358,2.99696,7.46261,13.15495,20.07639,12.49244,14.23511,12.96784,11.61447,18.54621,34.56125,15.55965,6.99365,2.79244,3.42976
2019-05-31,,,,,,,,5.8523,9.75195,15.0649,24.49076,19.37981,15.84252,17.546,12.16761,12.71745,8.99558,10.09362,19.64726,6.36816,3.87036,5.85516,,
2019-06-01,4.464,4.464,2.604,,,,3.81766,3.0954,5.47944,5.04174,7.44946,14.31371,10.65121,20.50002,25.01946,18.76621,13.66795,22.82886,31.93024,25.30349,4.96507,6.0006,7.1166,6.76423
2019-06-02,,,,,,,,,4.14343,4.5246,4.92816,20.61252,26.28,5.90874,1.67669,18.04188,19.70931,14.75545,12.7616,15.06712,6.75944,6.21,6.21,6.003
2019-06-03,3.21756,1.3914,1.3914,0.09276,,1.5144,3.0288,8.5371,14.15677,21.58063,15.9681,20.16696,12.30294,3.90461,3.18648,6.3653,8.55602,18.03444,14.96443,9.48174,12.23774,9.27588,5.9568,5.9568
2019-06-04,4.4286,2.87859,,,,,3.34288,7.86791,7.80633,11.39131,22.67255,18.17735,19.62374,19.59017,9.21037,5.30628,1.99936,7.18894,15.61652,14.20229,6.4272,,3.78214,9.64767
2019-06-05,,,,,,2.24434,6.1494,10.29746,12.95059,7.34032,11.17288,10.58818,14.79504,16.65756,17.89821,10.41552,9.80626,6.77193,5.99615,10.39344,1.42632,,,
2019-06-06,,,,,0.26972,4.0458,4.33986,6.67626,10.46685,19.0708,30.79146,31.76197,23.97458,18.31033,22.74078,16.02015,19.77533,13.09327,14.49916,9.38636,13.911,7.84204,,
2019-06-07,,,,,,3.98422,11.0664,9.61351,3.4587,,5.78816,14.80262,23.41956,22.01496,15.69308,13.6369,11.63152,21.34032,21.32661,14.12035,4.27744,,,
2019-06-08,,,,,,3.64089,7.19553,7.62136,4.4802,3.37749,26.67789,33.11943,24.80871,17.1082,20.96759,22.44205,16.41872,14.84355,32.28011,28.00632,2.54975,,0.1986,1.34055
2019-06-09,,,,,,,,,0.47232,3.1488,5.28224,8.97015,16.65223,12.34336,8.67186,12.6525,23.59398,27.94134,14.07142,8.88616,3.41979,,,
2019-06-10,,,,,,2.47366,18.26867,10.40515,1.9335,15.15689,21.49041,29.92062,31.60629,25.10329,10.05004,3.957,4.39645,7.10889,12.37337,19.29025,19.6148,5.62996,,
2019-06-11,,,,,,0.3071,3.10618,1.88232,13.20123,18.29851,21.40248,24.42396,27.98318,21.69212,26.59602,24.52082,21.65313,38.31201,25.43664,6.14522,6.63072,,,
2019-06-12,2.2304,,,,,,2.06598,6.01702,5.29039,10.77199,22.55527,30.35315,21.40384,19.79752,11.92114,3.75189,6.94586,13.04299,13.42122,15.48593,13.64145,10.84197,10.5426,8.6169
2019-06-13,,,,,,,7.55784,3.1158,7.5532,27.74937,25.97516,14.10521,3.3874,7.29554,8.92604,14.14909,12.54026,6.17558,18.09507,10.68049,2.48745,,,
2019-06-14,6.036,6.036,3.1186,,,,,1.6779,13.44084,16.29657,12.18767,11.7704,10.47719,8.31633,11.3048,10.74484,16.72077,19.60754,8.5877,12.66629,10.40335,6.036,6.036,6.036
2019-06-15,,,,,,,,,2.0714,19.41811,22.70722,26.50695,31.21548,32.28289,17.63824,4.45478,7.87983,23.09625,32.76848,25.01332,20.60922,8.17674,,
2019-06-16,,,,,,,,,,9.50851,24.45602,14.4296,6.88852,10.41781,13.41127,13.71274,9.77935,16.9994,13.06266,6.88732,3.84699,,,
2019-06-17,,,,,,1.11936,7.36424,12.1272,12.97791,29.82853,44.79488,42.71084,40.64035,29.87832,23.64835,14.06497,11.05811,6.5402,20.12047,17.35027,10.29171,1.38528,,
2019-06-18,,,,,,3.07582,6.83173,13.53324,6.14239,5.85334,3.56354,12.39661,16.01998,9.75166,17.45093,8.66037,1.60258,2.7428,10.29041,23.1027,20.18388,6.27714,,
2019-06-19,9.68451,6.7362,6.7362,5.38896,,1.8025,6.26657,8.6717,11.42086,6.49416,6.3792,19.23653,21.03472,21.73374,26.91542,21.51561,22.68385,28.38981,37.03553,26.36895,28.41411,25.86018,14.0634,11.04083
2019-06-20,7.4148,7.4148,6.17955,4.4502,1.78008,,2.0644,9.45212,11.15182,8.73705,9.9651,6.64795,11.69407,23.5468,21.12644,17.90065,19.61814,21.77773,15.52629,16.34775,9.58701,8.76806,6.62424,7.4148
2019-06-21,,,,,,,,3.86352,13.62546,14.02713,9.21472,19.16375,22.44586,22.41664,23.2821,24.72955,13.58838,18.99512,19.3314,11.90891,1.27879,5.32792,,
2019-06-22,,,,,,,,1.70697,1.4916,6.46458,2.6912,15.5385,17.82274,10.79564,11.1816,6.1986,5.42849,5.472,3.5568,4.07314,9.3648,6.46652,2.96106,
2019-06-23,,,,,,,2.81554,3.57357,,7.11434,22.4204,11.92487,13.51372,11.93248,15.77784,30.45205,23.98115,14.29444,8.96434,7.23768,1.97432,,,
2019-06-24,,,,,,3.32006,6.2592,7.33358,7.80666,10.62397,16.91458,15.57885,8.38458,10.15065,21.72241,20.49313,12.06915,12.99599,20.77253,12.60713,12.9256,1.07779,,
2019-06-25,,,,,,2.0965,6.3696,7.24371,8.2218,7.42661,6.69101,14.79565,15.99381,19.67598,16.78734,13.71042,14.97296,9.25063,16.21505,27.27768,30.84331,15.90876,2.16175,
2019-06-26,,,,,,2.01084,3.0936,9.52087,18.30493,31.4832,32.92842,29.34542,31.74684,17.99873,8.96159,13.07421,11.36829,16.06137,17.62413,14.02424,14.16675,5.40555,,
2019-06-27,,,,,,,7.91166,4.99491,7.43664,11.99196,6.46803,15.27226,26.98307,27.71934,13.73754,13.78369,4.27809,19.31249,19.53541,10.19228,2.44772,,,
2019-06-28,,,,,,0.43936,8.6964,8.76084,5.97326,10.62285,15.58028,15.79205,18.30475,20.60028,16.18212,12.29308,20.75452,30.21109,40.03112,28.1779,15.87775,8.9207,2.33036,
2019-06-29,,,,,,,,,0.16962,9.05955,8.61656,15.79961,14.94964,15.55033,16.13042,12.1728,11.99383,22.66049,27.66726,24.38803,12.2394,3.38482,,
2019-06-30,,,,,,,,,5.77302,12.66887,11.65504,8.7108,10.03731,17.3818,7.87601,0.05834,,5.7946,16.27726,12.88186,1.32832,,,
2019-07-01,,,,,,,,3.01899,14.50873,32.09821,22.7996,19.44517,12.80002,29.10943,31.79726,27.71366,14.05588,11.36239,6.97991,11.93613,9.33376,2.7627,,
2019-07-02,,,,,,2.118,6.23631,16.50684,10.34952,11.84834,14.52093,13.6476,14.52752,13.6464,6.2007,8.71081,10.07143,8.07995,10.56526,13.14176,15.4419,13.67976,5.85419,
2019-07-03,,,,,,,2.1595,7.52024,11.99407,29.84495,44.2378,25.54181,10.38511,9.02182,4.47828,0.286,0.2639,5.45323,2.23264,2.39465,3.057,1.2228,,
2019-07-04,,,,,,,,,,5.31894,13.6176,8.18091,3.96385,9.61805,12.92415,13.0254,8.26665,6.55043,12.06216,1.72238,1.98683,6.2742,5.01936,
2019-07-05,,,,,,,,,1.168,7.008,7.008,2.2192,8.37234,11.77438,4.52379,5.57078,10.4824,13.264,15.59255,15.84869,13.2717,4.25034,,
2019-07-06,,3.17956,3.2892,3.2892,2.41208,,,,5.49854,13.27018,13.81608,12.35592,12.98383,27.27872,31.37272,30.73758,28.87047,21.42022,12.031,16.45708,8.75892,6.4584,1.29168,
2019-07-07,,2.067,0.453,,,,,,1.78094,6.1392,4.1511,1.088,5.08584,17.17008,22.69152,21.93171,17.51753,13.63743,14.75104,11.64169,2.43168,,,
2019-07-08,,,,,,1.34446,3.69869,6.30229,5.33705,13.13022,18.60205,22.00859,20.46772,6.62029,9.22313,18.77828,23.39698,23.47924,18.66267,32.41491,16.49623,13.35389,5.31165,
2019-07-09,,,,,,2.0496,6.06266,7.81802,11.05765,20.24615,31.04002,32.31282,43.12948,30.38758,11.61799,2.12126,11.3521,19.87517,25.02082,27.64855,12.64774,4.094,,
2019-07-10,,,,,0.11234,4.55378,6.4578,6.82393,8.088,24.05858,24.63156,16.87753,25.12521,23.14005,6.11482,7.39422,16.4619,22.98934,31.97414,37.42674,20.80076,8.84135,1.19808,
2019-07-11,,,,,,2.0694,6.91017,14.61254,22.28104,29.002,25.92933,23.20759,13.22093,30.55648,21.77939,6.36307,10.06018,11.72365,10.99252,13.65796,8.50891,2.60352,2.64364,3.56584
2019-07-12,,,,,,0.76706,9.91386,15.09262,13.51642,14.52061,16.31462,10.55056,17.92794,27.28088,19.80912,20.09812,11.44982,25.12661,28.68488,22.46675,6.55164,1.69965,,
2019-07-13,0.07628,,,,,,0.74624,11.429,1.0538,2.78982,10.29526,27.72443,25.722,34.36739,18.90568,16.34733,6.73239,15.36505,28.55945,20.61542,15.29833,4.20778,4.5768,4.5768
2019-07-14,5.985,5.985,1.995,,,,2.11341,2.49274,0.58807,5.0406,11.50644,14.18122,17.63697,18.02392,17.24213,26.52414,22.04476,15.1887,28.06786,27.01616,25.21174,10.56519,8.976,6.6829
2019-07-15,,,,,,1.49263,3.0882,3.0882,7.79551,19.90489,29.31086,29.8151,23.72762,20.66764,12.53324,18.42503,15.03073,17.67979,22.41692,11.25064,9.3624,1.95076,,
2019-07-16,3.4461,,,,,,2.84269,4.09593,0.81236,6.20871,10.4136,9.47118,12.1106,8.62119,6.31856,2.7966,15.45576,19.65068,38.49573,33.84439,22.41754,6.045,7.16189,4.5948
2019-07-17,10.3446,9.01426,6.7164,3.47014,,1.23096,3.3504,14.75815,20.4132,34.48833,32.64788,23.62148,13.51429,26.14287,22.68497,21.05472,7.87697,5.3865,17.17453,16.48151,23.34447,22.54538,14.35382,12.52334
2019-07-18,,,,,,,3.28779,14.99337,20.5764,19.76765,14.94552,16.7362,13.74461,23.13212,34.5314,21.4586,19.7753,4.83332,17.76746,17.87853,16.48977,19.19575,6.88424,
2019-07-19,5.907,5.907,5.907,1.5752,,,4.50228,10.5172,13.08231,36.12582,51.9325,53.63536,19.54449,12.3675,11.7196,15.30719,23.82963,23.65952,19.43537,20.1396,23.43803,24.59773,19.38216,8.31292
2019-07-20,,,,,,,,0.98919,9.579,3.15128,3.19304,16.22304,16.71202,8.24462,10.25475,9.237,21.2112,32.88319,19.94281,21.37959,8.01728,1.67505,,
2019-07-21,0.20824,4.26892,,,,,,,0.56342,8.00276,11.32447,18.49343,16.52337,19.83128,18.34597,21.31811,20.57819,25.66378,15.04837,6.26132,5.86446,6.46098,3.14526,
2019-07-22,3.95009,,,,,,3.37414,7.6332,18.81554,26.91834,20.4658,25.54437,23.19537,21.79431,22.274,18.11776,11.64545,8.40069,12.79556,16.68755,8.3466,2.31968,4.02462,4.4718
2019-07-23,,,,,,4.31015,11.2,13.80515,12.63797,21.12249,30.40601,22.31605,16.9704,18.39611,12.92316,17.354,12.34435,14.64248,22.07597,14.8491,16.9478,16.8889,5.64503,
2019-07-24,,,,,,1.4336,4.14338,7.42258,8.88251,14.63156,24.66279,26.74398,22.10714,17.39681,22.00472,17.72866,21.59764,10.73934,23.1625,27.42038,13.9036,4.75938,,
2019-07-25,,,,,,1.95874,5.8233,8.51028,10.2618,7.51746,2.83833,5.7025,13.34659,32.12077,34.68515,30.38966,18.39624,15.37304,21.64087,10.33152,10.2667,7.25549,,
2019-07-26,,,,,,3.69794,5.75256,6.10632,5.71436,17.21251,19.4067,23.86202,20.30909,8.24498,1.20192,1.9944,11.21732,21.08323,20.63934,13.16463,13.80341,19.73956,7.47566,
2019-07-27,,,,,,,3.6765,6.45543,8.0754,9.80785,20.11065,23.66202,23.94946,25.19882,28.95168,27.65763,17.30754,13.28958,13.482,7.88422,12.74177,11.10964,8.60077,1.7941
2019-07-28,,,,,,,5.50563,10.16325,13.64655,18.50776,13.24278,21.21762,13.11051,12.07271,19.91754,11.6701,13.381,14.76831,18.76201,20.57171,11.5273,1.55914,,
2019-07-29,,,,,,1.72924,6.73976,4.64648,5.81562,26.47552,28.71904,31.4412,40.56823,30.55841,15.4173,15.3048,7.6651,6.09738,3.6396,3.59649,3.00012,,,
2019-07-30,1.62846,,,,,2.20751,4.48058,16.60563,23.20732,29.18612,25.5292,27.09309,27.11283,15.23649,19.73697,30.5777,26.93124,24.57536,23.1308,24.50342,13.80634,11.5014,6.23796,5.4282
2019-07-31,,,,,,,5.39292,6.2226,9.79512,25.44559,28.84365,19.88919,24.87183,28.48774,29.50031,15.55367,0.53298,0.6722,19.29056,28.27924,9.33063,0.5418,,
2019-08-01,,,,,,,5.50727,14.26283,16.75332,25.07252,35.41362,33.85343,17.7278,23.5135,15.33848,15.80145,19.93362,13.77764,21.22796,16.88762,3.91605,0.60852,,
2019-08-02,,,,,,0.87232,6.5424,3.8164,4.85576,14.45973,25.22146,14.71093,15.22569,19.53615,22.0146,19.85374,3.1328,10.5262,15.1127,12.66424,8.3587,,,
2019-08-03,,,,,,,0.76188,5.09362,5.7134,10.83642,19.814,21.69217,31.95025,17.56142,11.77122,3.49207,14.78164,20.43997,16.03656,10.97433,17.1414,20.59282,5.52111,
2019-08-04,6.7152,6.7152,0.5596,,,,,,,5.92269,19.65228,17.82416,22.09382,19.11555,9.58386,1.32704,,11.51745,18.02554,13.97286,12.0957,6.7152,6.7152,6.7152
2019-08-05,1.20938,,,,,1.5132,5.00656,6.91056,5.00415,12.21685,25.03575,13.08426,13.36622,12.21408,21.38064,17.18654,11.91903,11.03962,9.64586,22.3962,19.113,6.47127,5.61047,10.0356
2019-08-06,,,,,,1.05136,3.9426,4.02203,9.56246,13.1111,11.03257,18.80942,23.74299,14.7004,8.28542,6.78428,1.33824,7.88047,6.55746,8.04232,4.32684,,,
2019-08-07,6.1524,1.0254,,,,1.5057,5.50087,13.44477,9.94503,21.45688,32.44968,30.38019,21.35564,27.56082,18.21219,14.38643,14.85757,17.94094,23.61605,14.36873,8.78552,13.00466,13.1208,10.2173
2019-08-08,,,,,,2.01376,11.46982,17.27196,7.60328,19.43081,22.27614,20.21824,11.7193,26.72771,18.10143,21.5218,9.03532,,11.43956,25.03191,25.45686,14.763,9.63648,4.43289
2019-08-09,,,,,,2.4221,15.05397,10.19657,13.66068,38.17278,43.32547,25.46537,10.61168,11.70009,15.58172,8.41892,12.1191,9.18293,20.06909,28.70697,10.99329,7.70586,0.9905,
2019-08-10,,,,,,,,9.19848,16.78517,14.57322,10.21616,15.59894,12.40016,14.01734,10.00878,16.14903,12.02272,18.0739,10.99168,4.70025,5.4828,2.01036,,
2019-08-11,,,,,,,0.89782,12.42668,19.72424,19.0956,11.61956,15.84586,22.6468,23.48843,26.50222,21.41387,9.8309,1.63926,1.04167,4.65892,9.0942,5.16929,3.69108,
2019-08-12,,,,,,2.26206,12.28292,6.8444,9.60357,19.74088,21.96563,29.84151,27.35242,27.32606,28.6159,13.5125,14.83145,13.46299,13.27556,2.9316,,,,
2019-08-13,5.445,5.445,5.445,1.17975,,,2.57775,7.50468,7.55994,17.05908,25.58198,34.36036,10.23931,21.08115,23.55369,24.09482,8.74538,2.72866,7.74433,8.3237,10.87145,12.534,11.8251,5.445
2019-08-14,,,,,,0.20488,11.73417,15.213,11.38607,24.41758,25.52337,12.02982,11.52112,14.49508,7.0955,17.25061,13.64442,14.06079,16.95593,4.04188,5.62968,0.40212,,
2019-08-15,1.09098,,,,,,2.36548,12.45653,26.20564,45.2087,49.15915,38.87199,26.27912,18.88086,28.88342,33.48856,11.35265,17.53501,21.66707,22.21037,15.52019,5.05443,2.9754,2.9754
2019-08-16,,,,,,0.65802,15.33567,12.58644,8.97462,21.04041,27.6628,12.5808,19.85286,27.11095,24.58746,23.647,24.20457,14.75037,21.61764,28.28678,22.43793,11.64001,2.8553,
2019-08-17,,,,,,,,1.8427,7.01785,15.82632,13.14811,8.51004,19.44287,35.16806,20.77373,4.29722,10.38934,14.49183,9.13261,17.39838,20.93451,11.91662,7.87796,0.90342
2019-08-18,,,,,,,,5.41712,17.2308,17.2308,16.7342,19.88114,26.4458,19.36704,8.3292,6.17403,16.12572,11.4962,19.37401,17.65835,10.6314,4.52254,2.7987,
2019-08-19,,,,,,1.45754,5.07527,13.79708,14.91348,19.41258,15.9626,14.15435,8.73239,8.75826,1.6821,2.79027,8.74108,6.02856,15.51967,13.22196,8.796,0.99231,,
2019-08-20,,,,,0.39876,8.16658,14.01526,18.10653,15.65363,24.60218,16.91598,9.52437,9.40817,20.81916,20.1348,21.3145,21.91067,28.16057,33.78219,23.45344,12.06021,5.352,1.784,
2019-08-21,1.1165,,,,,6.37465,13.08308,17.11737,21.67788,27.03149,35.81116,34.40093,32.55478,22.98001,9.7728,13.91932,12.44056,24.0624,25.18104,28.68657,20.7274,15.5797,8.66384,2.1315
2019-08-22,,,,,0.07794,12.87506,12.37605,8.24048,7.99865,20.76064,27.70242,35.34271,34.94508,32.60269,35.82008,18.92719,15.20964,14.80988,10.25681,19.67587,21.98353,16.6354,8.30207,
2019-08-23,,,,,,1.78372,11.523,5.16283,5.9025,22.53895,29.30887,33.14304,22.3167,12.70836,7.9537,4.09363,4.55253,10.19904,23.21704,19.39568,6.64602,,,
2019-08-24,,,,,,,,3.46596,8.10662,8.2572,13.65524,15.73379,16.15127,25.25601,15.57916,6.69983,3.70211,16.84966,34.76409,25.45263,12.00441,8.17605,0.13824,
2019-08-25,6.7134,6.7134,6.7134,6.7134,6.7134,3.13292,6.29056,13.37968,17.65263,16.08894,15.28643,5.99456,6.37617,20.5952,19.68667,2.16644,2.27616,11.55906,12.7392,14.09418,17.44802,8.16628,6.7134,6.7134
2019-08-26,4.2858,2.64291,,,,,1.00738,8.5322,25.79363,47.4303,42.14452,25.34643,15.64274,26.24295,20.37524,20.55063,24.4098,19.49879,12.53251,24.36566,31.1268,17.14079,7.15182,9.10471
2019-08-27,9.9402,6.8301,5.4972,5.4972,0.54972,,2.002,15.7632,16.26436,20.46179,17.21855,18.79118,27.6292,32.36615,27.61409,12.80392,16.10416,20.88523,17.09514,25.26107,14.43798,10.97344,8.9035,9.9402
2019-08-28,,,,,,,0.7767,6.55067,10.1346,16.17869,7.41081,15.87613,20.48149,20.4517,31.74979,24.69009,14.45103,16.96467,28.42777,24.67046,14.55846,7.5018,1.03985,
2019-08-29,0.10576,,,,,,0.1117,8.69261,8.92079,13.46215,21.61396,28.02626,19.27376,19.01933,23.36525,15.14897,14.51766,6.48685,5.7729,9.5364,1.11384,,,3.49008
2019-08-30,8.3506,6.714,4.3641,,,2.73438,5.54008,7.6581,6.31352,9.70058,8.53081,6.57894,11.65803,20.42564,16.23751,15.53975,9.73171,13.57183,29.35492,35.39346,30.34504,25.71966,21.5154,14.42254
2019-08-31,,,,,,,,3.86802,11.56124,12.66852,21.22747,15.3041,23.77266,39.11415,30.81781,20.41774,23.28973,16.01593,24.57186,31.98338,24.87125,18.79454,6.37884,5.24524
2019-09-01,,,,,,,,,0.05617,6.50802,12.26597,10.25056,6.2193,6.39086,16.08528,19.99664,11.23575,11.44572,5.43488,10.70285,8.99789,2.37291,,
2019-09-02,,,,,,,,2.3122,6.306,9.19467,21.03491,20.77007,12.74223,18.55296,20.20076,11.81558,12.9352,15.71509,16.7955,15.11586,7.98339,5.94339,,
2019-09-03,,,,,,,0.4872,5.3463,16.85241,36.18642,34.82335,37.54097,32.30067,21.24585,18.49042,11.97104,8.83484,10.3326,14.63445,15.17917,7.46592,2.41618,,
2019-09-04,,,,,,,3.36399,8.05454,14.55994,32.69461,33.11259,34.12183,29.12349,27.63625,18.93866,21.10692,15.04819,11.77488,19.14536,25.42132,14.37352,8.58366,0.50586,
2019-09-05,,,,,,,6.73228,15.17743,22.36631,17.20699,15.41619,19.9948,23.28635,24.60944,28.26634,17.0453,12.89341,8.78796,15.315,16.896,10.16136,3.93903,,
2019-09-06,,,,,,3.69206,9.7998,14.4936,20.15394,34.56253,25.2493,17.16239,19.74652,26.21576,25.64874,22.25061,16.14344,12.3256,25.34394,20.90209,18.82944,14.86434,10.30184,2.35474
2019-09-07,,,,,,,,0.19276,8.9824,11.41749,7.082,22.19993,25.9358,28.99043,24.17376,27.2763,22.24788,15.5231,8.04891,20.12754,22.5504,5.83347,,
2019-09-08,,,,,,,2.83322,4.9998,7.24757,19.05881,13.36854,12.91541,20.96751,25.98016,22.1653,10.16508,4.86942,6.9233,3.0605,8.11058,6.2424,6.2424,1.97676,
2019-09-09,3.85742,,,,,,5.07929,6.67704,18.37608,32.87856,36.60642,24.65466,29.79134,21.51624,19.32818,18.70546,19.88461,8.16777,2.66179,6.33312,1.19556,,1.43836,3.9228
2019-09-10,4.6266,4.6266,2.69885,,,,,,10.86798,24.2278,25.67399,22.1504,22.07856,26.29772,15.33737,5.88427,10.91106,12.57993,14.9856,19.39387,3.712,2.34066,,3.8555
2019-09-11,3.31695,,,,,1.36134,4.0578,6.123,9.03801,20.15258,21.94566,20.14466,35.48219,28.40777,8.64586,10.85617,14.39366,21.23984,24.1256,28.24619,13.32451,5.54076,5.103,5.103
2019-09-12,,,,,,3.26455,13.19453,10.71016,14.49108,22.41685,29.06675,30.67951,19.40043,2.55507,8.81389,7.74115,6.08917,9.22561,16.8151,14.51156,15.4309,8.13137,5.50098,
2019-09-13,1.095,,,,,1.6841,4.593,11.00388,12.98596,30.75118,21.28716,19.99097,16.77942,6.33889,6.84545,13.38486,19.93821,28.71248,49.15453,35.20683,16.53115,16.29908,10.9536,10.49705
2019-09-14,0.06955,,,,,,,1.1526,14.61489,26.78026,14.85503,23.62604,24.57384,18.52876,21.12881,26.29008,24.51549,13.7219,13.52539,23.68582,21.85648,9.95381,4.38334,4.173
2019-09-15,,,,,,,,2.15758,20.21084,30.22455,26.60135,22.40345,23.76262,11.20972,10.15437,12.78486,16.76541,28.08908,17.66645,9.61396,3.5322,,,
2019-09-16,,,,,,,0.53912,4.0434,11.63362,29.47129,21.8484,27.01778,34.36014,36.86045,29.18556,20.20158,19.50917,22.81589,21.26067,18.44305,17.3389,8.10535,3.4296,2.2864
2019-09-17,,,,,,,1.81824,6.8184,11.96933,30.27487,35.31885,11.98447,18.40656,17.0526,16.67889,13.75904,17.72886,15.72668,19.89116,15.42134,7.98524,4.26431,2.70438,0.40278
2019-09-18,9.8436,9.8436,2.5478,,,1.5102,3.40576,10.43572,14.83507,27.67967,20.08412,18.96409,20.0527,22.39988,15.02922,12.91348,19.7827,18.91022,21.00907,13.8493,10.91446,5.8756,5.4432,9.40356
2019-09-19,,,,,,,2.49575,8.59446,4.32898,20.92383,35.18085,28.33559,30.03786,16.24462,16.57694,24.8657,19.73524,20.13859,11.16466,16.57966,10.04156,3.46537,0.5669,
2019-09-20,6.6072,0.99108,,,,5.24353,10.47404,5.8722,17.79711,31.5083,26.9532,26.98725,31.25092,16.57579,18.00488,10.38993,2.61851,21.56178,25.95341,20.07361,18.7656,12.83349,6.6072,6.6072
2019-09-21,,,,,,,,,0.89353,9.78536,24.02552,22.98034,19.37275,25.68629,22.68237,20.63703,16.85786,9.5154,22.47949,30.28073,16.6836,3.37228,,
2019-09-22,11.2104,6.92416,6.618,5.0738,,,2.9046,2.9046,7.06355,12.722,11.48891,16.2906,21.72192,11.21469,11.56749,9.41277,5.9856,3.73768,11.40294,6.38627,4.1914,9.2969,11.2104,11.2104
2019-09-23,,,,,,2.11812,12.43768,16.10856,30.89683,32.98009,27.13966,19.88574,20.11964,13.63221,6.67871,12.9353,21.72883,19.48517,9.29571,9.6402,6.93252,1.5639,,
2019-09-24,5.4876,5.4876,3.74986,,,,2.97354,11.2998,12.876,16.72577,25.68949,18.52886,16.89183,11.82773,6.9816,6.9816,2.64439,3.32264,4.88336,7.63533,11.86425,12.87028,8.57596,5.4876
2019-09-25,,,,,,3.83648,5.52627,6.83856,23.77087,23.46728,20.8248,30.72783,24.84875,22.95842,15.49719,4.08701,10.1124,10.04936,7.31289,24.92219,18.46547,8.24584,1.4974,
2019-09-26,,,,,,,7.58672,15.08446,11.12156,18.00816,19.38504,15.30571,18.55467,19.30387,7.56645,12.8091,14.23819,21.1437,34.62487,25.7044,4.47416,2.50245,0.9792,3.0888
2019-09-27,,,,,,,,,9.34181,29.15448,28.88552,30.78278,33.70395,30.9427,21.26344,11.05731,7.48186,19.02392,26.47447,16.65062,12.80317,4.58605,,
2019-09-28,,,,,,,,,1.3235,16.34836,2.2515,15.06596,26.90126,22.44433,8.41363,7.13972,3.23691,1.27791,5.9766,5.48232,4.93028,3.42976,,
2019-09-29,,,,,,,,1.2156,6.078,16.92634,15.4966,13.14486,9.46061,8.68152,9.18247,7.91786,13.55332,15.80348,16.02023,13.9116,10.06452,4.617,4.617,2.0007
2019-09-30,0.52335,,,,,1.5153,3.0306,3.0306,5.78894,10.92815,12.21315,21.50009,27.78055,30.48933,21.05445,9.67964,10.42025,8.05529,10.22001,12.105,10.43897,6.2316,4.24929,3.489
2019-10-01,,,,,,,2.20977,9.65826,20.95464,26.97605,26.52621,23.94063,22.55233,15.23324,13.91937,26.04272,31.27668,19.74686,17.80255,8.58236,2.96584,6.0906,4.97399,
2019-10-02,4.0815,,,,,1.35918,3.0204,3.07264,14.41814,32.39162,23.86042,27.92734,27.60867,23.58803,14.00434,18.40408,14.3348,13.46314,30.80326,27.74,19.52594,8.30864,5.442,5.442
2019-10-03,,,,,,1.08368,8.0553,8.61396,11.89108,22.97809,25.98895,23.90698,20.79433,28.40751,19.2031,11.2166,15.81319,16.52924,34.38558,23.1666,13.00043,6.33044,2.2429,
2019-10-04,,,,,,,1.19347,3.1134,3.1134,16.73618,37.95773,47.02714,47.1654,38.96768,43.13028,15.81753,4.51674,10.04832,19.59215,25.11924,13.7056,9.03109,3.48738,
2019-10-05,3.46745,,,,,,,7.0422,6.98129,20.75433,18.63394,23.49527,18.95557,16.99293,10.06189,12.29344,9.91546,4.65568,14.5284,5.1566,0.92487,0.76482,,5.25071
2019-10-06,,,,,,,,,,1.38832,13.20824,12.21059,12.99507,12.86248,18.9477,23.75285,21.02596,20.8708,16.6664,11.2294,6.43564,5.9238,3.9492,
2019-10-07,5.0046,3.58663,,,,1.34595,4.97415,4.78595,17.62222,31.27583,34.96758,44.88614,36.33147,23.92173,24.71953,11.02981,7.2388,5.86713,8.16108,22.62886,11.84416,5.36108,5.0046,5.0046
2019-10-08,,,,,,3.7334,7.54528,11.74475,13.6684,12.12148,17.6236,14.85107,18.27705,6.07192,5.61652,5.87509,4.83423,11.6643,16.29548,11.58809,0.98611,,,
2019-10-09,,,,,,1.41316,3.18285,8.46122,18.88254,33.21503,33.11078,43.20136,39.70111,19.29928,7.27227,8.56257,14.9587,3.15766,13.1192,11.29053,7.97832,5.51286,,
2019-10-10,,,,,,,6.82052,11.0142,5.49212,10.49004,12.47654,26.52672,19.46336,12.38321,11.37394,7.75455,9.16492,6.32835,0.93434,0.4247,3.77696,1.5312,,
2019-10-11,,,,,,,2.00739,7.9011,20.49048,36.32684,47.5399,41.86347,36.75083,28.47887,30.48472,25.42084,15.34511,28.94664,28.99719,18.77314,14.54167,3.33575,,
2019-10-12,,,3.14127,5.7114,5.7114,5.7114,5.7114,5.7114,12.02335,30.10371,36.32624,42.6073,30.0156,20.86948,16.37094,17.98957,27.33489,35.38223,26.24592,26.81393,24.37521,4.52859,,
2019-10-13,,,,,,,5.1576,3.0086,10.44805,11.63859,10.77075,12.68321,22.22318,15.56147,32.57249,34.00844,18.32584,25.86074,33.10191,20.38246,5.7804,5.7804,5.7804,5.68406
2019-10-14,,,,,,0.80528,3.0198,4.83334,14.04642,25.48236,38.03978,34.07729,30.94349,24.48668,32.54052,32.40226,22.05139,11.07815,7.56646,8.4609,,,,
2019-10-15,6.993,2.331,,,,,1.90069,3.0822,6.23118,19.13892,27.72005,35.64336,17.51829,13.76233,9.11702,18.40154,13.90729,3.70986,18.70727,6.993,6.993,6.993,6.993,6.993
2019-10-16,,,,,,1.30962,4.6251,9.57829,22.03336,21.43548,17.30995,20.90742,29.27018,25.13136,13.9685,4.67581,3.2272,13.05581,23.95053,20.13041,8.47424,0.04282,,
2019-10-17,,,,,,,1.59154,5.52822,17.46798,21.87388,25.75233,21.5763,16.16157,12.85024,11.60265,9.20133,7.82403,14.1156,12.29297,11.43052,0.87969,,,
2019-10-18,6.9972,6.9972,6.9972,0.34986,,,,,4.2354,21.82509,31.20569,43.82413,34.67488,13.92805,9.9474,15.33751,22.75685,16.68448,19.82885,19.47063,12.78299,11.31354,11.81544,6.9972
2019-10-19,,,,,0.95502,2.7188,5.826,5.72329,13.21011,8.76039,5.52373,16.78544,18.89014,22.8157,23.03256,20.46625,31.13234,34.67564,22.85159,16.92314,12.00009,1.704,,
2019-10-20,5.4012,5.4012,2.34052,,,,,,8.11141,12.24984,15.42186,13.78924,11.43654,12.31586,9.23699,9.00606,5.53655,6.01,9.49807,5.35833,5.31118,5.4012,5.4012,5.4012
2019-10-21,6.0888,6.0888,6.0888,6.0888,6.0888,7.593,4.12468,3.0084,13.12335,26.77153,35.60309,36.54685,32.96655,24.10398,18.17704,25.74415,20.24594,17.42269,10.64535,1.12805,,4.76956,6.0888,6.0888
2019-10-22,4.7658,3.25663,,,,,2.67916,10.30884,18.17486,18.25841,18.30948,17.9294,21.99052,25.57449,21.18116,13.99028,12.89869,5.33712,25.50614,16.79584,21.64947,10.74392,10.5744,4.86261
2019-10-23,,,,,,1.46392,3.0288,5.60882,13.37293,24.81535,30.69016,30.74046,30.40129,35.74135,22.08116,31.672,29.18922,38.19501,27.3558,17.25326,14.78356,3.28384,,
2019-10-24,,,,,,,1.8537,3.49368,10.72109,28.0935,18.38884,21.5443,12.67938,7.80356,14.05045,17.78507,23.14589,27.34314,26.33198,34.63879,23.52082,5.57319,,
2019-10-25,3.1293,,,,,,,1.08892,16.75551,32.60211,35.58122,35.63004,26.58334,21.19462,9.12584,5.07623,8.27509,9.74402,9.55698,13.0041,14.41738,9.64402,6.42098,6.22548
2019-10-26,,,,,,,,3.9083,14.17569,27.74858,36.10708,27.79592,17.56586,13.47035,29.6144,9.42985,7.58376,14.05772,16.22057,13.33416,12.27144,5.295,4.1232,1.23696
2019-10-27,1.652,,,,,,,,0.66105,7.12348,9.19761,8.34336,8.12514,6.2526,6.2526,9.69572,19.43908,16.68832,9.93551,15.47986,8.80569,6.195,6.195,6.195
2019-10-28,2.86938,,,,,0.43696,1.5336,3.99874,6.2844,2.80604,13.23208,15.29172,28.45324,25.28747,22.10049,15.2316,15.07274,22.43502,10.08262,9.213,3.82536,1.10752,3.0204,3.0204
2019-10-29,,,,,,,6.54224,11.12973,6.07023,9.3096,15.94787,12.95585,9.31926,9.4254,5.53564,,,,,2.85264,6.1128,1.63008,,
2019-10-30,3.0168,1.96092,,,,,,,2.28624,4.8115,16.64189,30.48096,36.92183,28.75341,16.21684,8.9477,19.89148,13.73823,12.03953,13.8962,11.75039,7.90134,1.65924,3.0168
2019-10-31,,,,,,,,3.6666,14.54251,30.53848,30.33621,24.75144,23.99399,30.58858,27.04424,25.77756,30.40271,13.78875,9.96517,16.43682,8.91908,4.34723,,
2019-11-01,3.759,3.759,3.759,3.759,2.44335,1.69201,5.77601,8.47992,10.92967,52.56014,52.78115,40.9347,30.87922,26.29187,31.75344,47.08999,38.63843,36.25173,37.67281,27.58698,20.45822,8.05968,7.4466,4.55798
2019-11-02,4.18992,,,,,,,,2.46616,17.56562,22.11056,18.48842,12.39636,24.07065,31.77532,15.80148,6.85678,6.04829,11.55318,9.88143,5.99569,6.1296,0.5108,
2019-11-03,,,,,,,,,7.05677,16.97418,12.63127,8.97762,12.87915,25.8954,26.09066,20.19993,10.91034,12.2128,13.85699,8.28788,6.19584,3.4604,,
2019-11-04,10.3386,0.83317,,,,,6.86498,11.71847,29.50022,40.58876,37.40408,24.60908,23.10206,33.83272,24.43541,18.52291,26.16619,23.37582,12.58446,21.33833,15.7992,15.7992,15.7992,14.98011
2019-11-05,,,,,,1.0747,14.24265,13.56458,26.87713,40.28719,37.67713,37.75833,45.04784,33.48682,14.39349,7.00011,16.984,10.11755,11.74836,10.03701,1.84718,,,
2019-11-06,5.316,5.316,3.8098,,,1.45812,3.0168,6.80256,29.58328,45.74368,53.22409,42.36296,47.05686,33.18276,22.8504,20.6568,9.62422,14.45296,21.38652,16.53561,10.01724,6.42039,5.316,5.316
2019-11-07,,,,,,,1.67694,4.6154,8.8807,23.5532,35.08127,33.20725,23.51317,15.90506,16.69219,13.14293,18.40149,24.90624,34.81365,29.12194,19.91311,8.8262,6.2682,4.59668
2019-11-08,3.6648,1.58808,,,,3.67634,15.10468,6.07266,21.018,30.35112,40.76262,29.89785,37.372,26.00126,10.4545,14.22886,13.72849,24.9367,22.98857,30.33457,20.89236,16.26695,8.34993,3.6648
2019-11-09,,,,,,,3.3308,0.50815,9.6058,13.6413,6.54186,14.50886,17.15114,27.42088,29.452,15.34153,15.51521,23.38994,28.11992,23.79619,15.91782,4.82211,,
2019-11-10,,,,,,,,4.71047,18.51219,29.21586,23.73176,29.6846,30.3082,22.43659,15.67502,18.21196,21.95142,20.0308,15.33218,2.1112,,,,
2019-11-11,,,,,,,,3.07071,5.47565,10.3254,3.69265,8.82198,12.46352,3.82998,7.43596,11.68373,8.79107,11.84771,8.3624,15.0749,5.60957,,,
2019-11-12,9.9456,9.9456,9.9456,1.51807,,,0.59256,6.26648,23.26454,35.435,27.90082,32.80972,16.87516,20.00837,14.10878,17.09348,18.59003,25.21373,15.92509,16.69751,11.18345,5.2818,5.2818,8.46873
2019-11-13,,,,,,,0.4042,9.5302,8.88732,19.20009,18.46365,22.99784,26.43992,22.79304,12.40661,5.72563,19.77358,13.9747,3.9447,0.71982,3.5304,0.43989,,
2019-11-14,,,,,,,1.93719,3.90638,8.89323,21.24087,38.03419,33.9164,25.73631,26.07133,25.36805,21.90747,19.88424,13.79682,21.24197,14.22591,3.0876,0.82336,,
2019-11-15,,,,,,,,,11.55761,35.45786,27.76042,33.46228,42.25882,29.20269,13.16219,17.00489,13.18431,19.18815,23.1847,21.68615,19.32188,3.36052,,
2019-11-16,,,,,,,,4.60061,4.3821,12.16048,8.18362,12.84412,7.06034,6.60606,8.01858,4.36417,3.38742,11.60579,17.1654,12.72425,8.9766,3.9361,1.464,
2019-11-17,,,,,,,,0.91809,18.21542,24.14448,16.57719,9.5127,7.44831,4.6097,10.518,8.86007,4.92372,1.21115,5.2182,5.2182,2.43516,,,
2019-11-18,,,,,,2.2077,4.91715,3.8492,29.04456,47.33233,47.69161,38.63208,34.40141,35.27964,21.7752,11.4177,11.07914,10.2836,3.71183,3.1554,0.68367,,,
2019-11-19,3.22536,,,,,,2.84425,12.40941,16.68518,26.3441,22.17036,23.83525,19.30459,20.73123,18.58792,17.88911,18.2781,16.32286,18.65434,16.94649,17.5848,16.073,15.2706,12.3699
2019-11-20,2.9922,2.94233,,,,1.56178,3.0228,10.4138,14.33968,21.34133,24.95594,19.61616,10.5304,20.99845,24.86105,24.20601,21.8056,15.13499,18.29316,13.12298,4.30044,2.9922,2.9922,2.9922
2019-11-21,,,,,,,2.46096,6.847,12.59971,21.57996,28.59174,15.60206,15.71854,25.1056,26.42668,28.22185,20.81913,13.59526,17.40583,14.23864,8.29656,10.995,8.06712,1.83456
2019-11-22,7.773,5.05524,1.50878,,,,0.58758,10.07193,24.1315,30.14299,23.08717,15.13127,36.16691,47.85992,35.25677,38.68482,20.59269,8.82711,13.5933,8.2839,11.5528,7.20528,8.7145,7.773
2019-11-23,6.1344,6.1344,6.1344,6.1344,6.1344,3.37392,,,0.8916,7.80598,13.87173,28.66078,28.99022,25.83444,15.46082,13.0315,8.31443,27.91979,42.002,23.00793,15.00016,15.83128,8.43868,6.1344
2019-11-24,,,,,,1.70049,3.0918,1.89009,8.22454,17.9237,16.01155,31.3472,30.87886,12.13418,12.30834,5.39582,6.64354,21.1076,15.12631,5.36438,5.2554,1.7518,,
2019-11-25,,,,,,1.65759,5.94989,10.25971,19.37889,35.37256,34.33803,30.26233,28.5155,20.62952,25.75276,7.07793,2.11248,1.68422,6.2096,3.69482,,,,
2019-11-26,,,,,,,,,,3.1059,6.2118,6.2118,1.34589,,,,,,,,,,,
2019-11-27,4.7268,2.04828,,,,,,2.87952,13.04334,14.90761,18.65743,24.75108,25.77344,15.04017,13.59851,10.89816,7.1082,4.711,3.5124,4.74316,3.4752,5.79333,4.7268,4.7268
2019-11-28,,,,,,,,,1.42785,2.40286,6.2574,0.93861,,6.27378,4.9353,,,,,,,,,
2019-11-29,0.36184,,,,,,,0.54142,4.88723,5.40443,9.1825,10.36665,2.77725,24.76163,24.83372,12.2046,10.63679,11.51073,30.78737,23.1533,21.08554,6.81027,2.7138,2.7138
2019-11-30,,,,,,,,,,,0.52335,4.91949,8.46402,15.73539,14.68723,5.02549,8.1768,2.32653,7.13396,11.10537,1.43208,,,
2019-12-01,6.91614,5.2578,0.70104,,,,,,,3.51776,13.06137,25.935,19.0788,24.3724,21.67227,13.55085,7.22805,16.63707,22.33005,12.28845,10.19854,8.943,8.943,8.943
2019-12-02,0.6256,,,,,1.6302,2.964,2.964,17.6281,34.12788,29.57859,20.78431,13.61726,13.36947,14.06827,16.97465,14.19129,10.3436,4.60488,5.3478,4.68893,4.00605,3.7536,3.7536
2019-12-03,,,,,,,4.3531,6.6252,7.22676,15.85528,25.84911,24.69178,32.34887,24.24817,18.54062,12.69061,4.66706,14.4713,14.75071,18.77761,14.98028,3.48077,,
2019-12-04,5.3496,5.3496,5.3496,5.3496,1.3374,1.4014,4.9582,6.669,17.29137,20.84452,24.4926,18.2991,19.15209,25.10482,23.51173,24.2864,34.40733,17.4653,22.85952,20.21961,9.18043,9.1458,5.66595,5.3496
2019-12-05,,,,,,,8.99254,18.51616,28.66108,26.02033,21.13348,11.45196,7.97918,2.88765,15.90866,11.21085,20.70564,13.98001,13.1499,18.8222,9.6834,5.29147,,
2019-12-06,2.6811,,,,,,2.71307,10.6914,15.39587,37.65229,38.56923,36.87429,38.69011,25.54763,21.00127,10.93677,12.40816,21.1425,15.91939,23.84492,18.15002,12.47629,1.3902,5.958
2019-12-07,0.84194,,,,,,,,,7.96439,6.24099,16.69282,30.4223,24.36635,19.78694,12.23153,18.17235,39.42187,46.4064,22.30958,18.03899,15.78396,8.98584,4.5924
2019-12-08,,,,,,,,,4.1996,12.08596,8.88399,12.44621,15.55938,11.7858,13.4884,5.73302,4.10564,9.30596,21.5673,18.48027,2.9174,,,
2019-12-09,,,,,,1.5045,3.009,7.17714,25.54518,35.21997,29.72275,24.38988,8.70438,11.29454,27.64226,23.22258,20.56599,27.5943,18.76624,8.37828,8.1744,5.06602,,
2019-12-10,3.62124,,,,,,3.37559,14.40142,20.37001,29.91444,31.39133,29.05213,17.15808,21.53649,23.6853,16.23724,16.39641,18.38335,15.72099,17.54478,10.32155,4.43994,4.245,5.8554
2019-12-11,,,,,,5.20245,10.56611,13.91032,30.21017,42.71133,31.85447,28.49894,42.06996,43.69304,34.87622,14.38508,9.11616,6.98623,12.04973,19.80001,14.00968,5.37776,6.177,4.01505
2019-12-12,,,,,,,1.40598,6.67456,12.11571,17.2705,15.67147,23.3925,29.37727,19.59992,31.82768,28.00782,26.30623,25.21681,41.98059,22.05276,3.57207,3.2466,1.0822,
2019-12-13,0.0758,,,,,,,3.05612,23.85534,31.93471,32.16214,34.74915,38.367,41.41865,29.99466,18.71128,13.42528,26.79042,39.1829,36.38234,25.84178,15.32587,10.43043,2.99367
2019-12-14,,,,,,,,,1.66204,13.4163,11.88166,13.78462,26.62285,26.50115,22.63431,9.20894,23.04732,37.76733,27.43469,12.81351,8.86344,0.30537,,
2019-12-15,11.733,11.733,11.41083,5.2896,5.2896,5.2896,5.2896,5.2896,6.19035,10.43295,21.04544,26.61871,14.57738,12.32291,17.80734,9.2423,10.84389,14.80614,21.79132,25.722,19.48867,9.77322,6.4434,8.82372
2019-12-16,,,,,,,,3.11766,18.13502,32.86162,36.86745,22.23174,24.54164,21.4854,17.44492,11.09958,17.99922,9.71832,15.45521,12.02029,5.61028,,,
2019-12-17,,,,,,,4.1248,11.20383,14.15963,30.29313,47.84436,47.65651,44.03205,35.68306,24.88232,31.50382,47.19205,24.22224,16.45637,11.11644,7.8757,,,
2019-12-18,,,,,,1.53605,6.09439,14.44343,12.79551,16.93907,21.31428,12.84183,17.69328,25.99586,22.50554,22.74253,20.0207,25.22613,27.76605,29.0033,19.66991,8.97864,5.7096,1.99836
2019-12-19,,,,,,,0.61798,3.7521,11.44633,22.33646,29.06604,19.59945,26.42228,13.60522,24.98682,28.17408,26.59898,17.22165,31.90855,24.71948,20.17399,5.96158,2.083,
2019-12-20,,,,,,,,,5.77109,26.63846,31.94884,31.97936,23.00752,15.93347,5.55632,9.47684,9.79657,6.75801,8.36169,3.11967,,,,
2019-12-21,,,,,,,2.7255,3.92472,,3.1845,16.82058,24.34656,20.30367,21.68248,15.26792,12.1379,11.23367,12.39528,16.31458,19.96531,21.13715,17.0781,4.81119,2.94814
2019-12-22,,,,,,,,0.1006,8.44625,12.16637,17.60218,32.17447,26.08853,22.54618,18.62797,12.86465,7.34384,19.95663,28.53041,16.31306,11.46393,5.4738,2.7369,
2019-12-23,,,,,,1.45725,3.015,6.44559,16.62912,14.42277,6.7237,11.10409,11.91936,15.0714,15.90955,5.08568,9.64432,11.67471,14.4822,12.99615,0.98366,,,
2019-12-24,1.90008,,,,,,,,3.59316,3.9924,3.3762,6.2838,5.86042,,7.16819,14.18499,3.91716,2.02445,5.5406,,3.89472,8.9387,8.16748,3.1668
2019-12-25,,,,,,,,1.60496,6.0186,11.00532,8.54776,8.67702,10.42618,3.76184,0.90459,,,,,,,,,
2019-12-26,,,,,,,,,1.76656,6.6246,6.78873,14.90901,25.60611,24.21523,22.74328,19.94942,8.22484,14.68645,14.27985,15.40926,12.16898,3.2358,,
2019-12-27,,,,,,3.00552,6.4404,2.6835,3.1376,2.64735,,11.03635,15.14438,7.4862,9.11276,8.25698,1.91658,8.36635,11.67592,9.59086,6.7878,6.7878,11.77787,4.93092
2019-12-28,,,,,,,,,,,,,1.90066,3.9324,7.80666,7.85616,4.10262,8.10441,24.80923,14.90942,8.46266,3.81804,2.1728,
2019-12-29,,,,,,,,,1.9832,7.91874,14.82228,20.51814,17.9307,15.83888,3.48872,6.39094,7.55463,27.39679,23.71073,19.89723,17.60211,2.2697,,